time_from_start,flightx,flighty,flightz,yaw
1,0,0,0,0
5,0,0,1,0
10,-1,0,1,1.0471975512
15,1,1,1,1.0471975512
